id,vin,model,make,color,state
1,5UXKR2C54E0801358,1992,GMC,Turquoise,Arizona
2,JTEBU4BF9DK045613,1988,Volkswagen,Goldenrod,Montana
3,WAUKH98E18A515694,2008,Chevrolet,Goldenrod,Maryland
4,YV1672MK9B2118045,2003,Dodge,Pink,Virginia
5,1NXBE4EE5AZ031238,2010,Ford,Orange,Georgia
6,WBABW53444P162808,2012,Bentley,Green,Illinois
7,1HGCR6F36EA844134,2008,Audi,Blue,Minnesota
8,1G6DG5EG7A0158954,1991,Buick,Red,California
9,WAUBFBFLXAN501645,2012,Honda,Violet,California
10,1GYS3LKJ0FR652235,2005,Honda,Purple,Nevada
11,KNAFU6A28C5521618,2005,Honda,Khaki,Texas
12,WVWAW7AH5BV857601,1985,Plymouth,Indigo,Texas
13,3C6JD7AP8CG843853,1995,Lincoln,Crimson,Colorado
14,WAUAG78EX6A674701,1999,Porsche,Teal,Ohio
15,3D7TT2CT9BG569326,2004,Pontiac,Blue,Indiana
16,JN8AF5MV8FT598422,2005,Toyota,Indigo,Florida
17,2B3CJ5DT0AH912069,1985,Mitsubishi,Violet,Louisiana
18,WUAAU342X9N627300,1992,Volkswagen,Violet,Florida
19,WVWDB7AJ5EW636834,1994,Saab,Purple,Washington
20,3GYFNFE3XCS792716,2012,Ford,Fuscia,Georgia
21,WBA3R5C5XFF571991,1985,Mercedes-Benz,Turquoise,Texas
22,5N1AZ2MG2FN887461,2007,Jaguar,Mauv,Louisiana
23,WDDLJ7DB9DA403947,2001,Chevrolet,Orange,Texas
24,5TFCW5F14CX781643,2005,BMW,Blue,California
25,WBAKP9C58FD266526,2007,BMW,Blue,Missouri
26,WA1LFBFP2CA863273,2009,Mercedes-Benz,Goldenrod,Washington
27,WBANE73586B099409,2003,Honda,Aquamarine,Kansas
28,4T1BF1FKXEU567902,1992,Chevrolet,Khaki,California
29,WBAKG7C5XBE719117,2012,Honda,Red,California
30,JN1AZ4EH0FM687226,2010,Lexus,Orange,New Jersey
31,WBADW3C57BE733643,2003,Maserati,Goldenrod,Washington
32,WAUKF98E07A276191,2010,Volvo,Green,California
33,SCFAB05D09G206502,2004,Chevrolet,Khaki,Ohio
34,19XFA1F39AE695599,2008,Scion,Fuscia,Texas
35,1G6AR5SX2F0646346,2009,Mitsubishi,Violet,California
36,1D7RB1GP2BS132863,2004,Acura,Red,Georgia
37,WA1EV74L17D712485,2007,Mazda,Khaki,Florida
38,JH4CU2F42EC330458,2003,Lincoln,Green,Virginia
39,2C3CA1CV1AH556763,2005,Aston Martin,Goldenrod,Texas
40,WBSWD93539P759040,1985,Volkswagen,Mauv,Missouri
41,WAUDF98E68A774244,2010,Cadillac,Maroon,California
42,JA32X8HW3DU959367,1999,Kia,Aquamarine,Oklahoma
43,19XFB2F57CE043149,1995,GMC,Turquoise,Delaware
44,1FTMF1EW5AK508373,1999,Oldsmobile,Teal,California
45,JTJBARBZ4F2163671,1995,Lamborghini,Maroon,Texas
46,JTDKTUD39DD705597,2013,Porsche,Red,New Hampshire
47,1GYS3EEJ1CR145363,2000,Lincoln,Turquoise,Pennsylvania
48,5N1AT2MK4FC424724,1990,Eagle,Crimson,Florida
49,5TFCY5F18BX938924,1995,Toyota,Orange,Tennessee
50,JN1AJ0HP9AM496870,2004,Mercedes-Benz,Violet,Texas
51,WVGAV7AX0AW753547,1995,Mitsubishi,Fuscia,Louisiana
52,WAUDG78E85A093743,2008,Dodge,Teal,New York
53,YV1902AHXC1653399,2011,Toyota,Goldenrod,Texas
54,1GKKRNED1FJ415777,2004,Maserati,Blue,Florida
55,1D7RB1GT0AS304934,1985,Subaru,Violet,Louisiana
56,WAUSF78K29A317935,2012,Hyundai,Turquoise,South Carolina
57,KMHHT6KD5BU197185,2009,Lexus,Crimson,Indiana
58,WBANW53599C398228,1990,Pontiac,Green,California
59,JN1CV6FE5EM759010,1984,Volkswagen,Orange,Georgia
60,3FA6P0D9XDR726717,1977,Mercedes-Benz,Aquamarine,California
61,3TMJU4GN2CM558306,2010,Porsche,Mauv,Nevada
62,WA1CGAFE9FD515138,2005,Acura,Maroon,Mississippi
63,JA32U2FU9DU305948,1995,GMC,Goldenrod,District of Columbia
64,1G4CW54K514401781,2005,Lincoln,Turquoise,Texas
65,JA32X8HW5EU951806,1986,Maserati,Pink,Texas
66,TRUSC28N721821465,2007,Cadillac,Orange,Texas
67,2G4GU5GX0E9008790,2004,Toyota,Green,Arizona
68,1GYS4EEJ5CR868548,1996,Land Rover,Indigo,Arizona
69,WAUAH94F28N465276,2007,Mazda,Maroon,Mississippi
70,1G4GC5EC3BF422927,2003,Nissan,Fuscia,Florida
71,WUARL48H08K669565,2005,Pontiac,Mauv,Georgia
72,YV126MFJ7F1724666,2011,Lexus,Green,Kentucky
73,WAURD68D32A816801,1997,Lamborghini,Violet,California
74,1FTNF1E85AK295673,2009,Infiniti,Aquamarine,Indiana
75,WVWAP7AN8EE522680,1991,Ford,Blue,Arizona
76,1G6DC1E34C0630967,1994,Ford,Maroon,Virginia
77,1FTEW1C87FF752860,2007,Ford,Maroon,Louisiana
78,WBAFZ9C55DC860067,2001,Audi,Violet,New York
79,JH4KB26579C926164,1998,Buick,Blue,California
80,2C3CCAEG6EH903132,1999,Volvo,Puce,Ohio
81,1GYUKEEJ2AR386583,2012,Subaru,Aquamarine,New Jersey
82,1D7RB1CP0BS389042,2010,Lexus,Green,Mississippi
83,WAUSH94F38N661277,2007,Lexus,Red,Colorado
84,WAUKFBFL5BN627591,2010,Cadillac,Violet,Wisconsin
85,WAUGVAFR9BA954249,1993,Volkswagen,Purple,Georgia
86,WA1VGBFP3EA548877,1997,Mitsubishi,Yellow,California
87,WBA5B1C54FG088206,1994,Infiniti,Pink,California
88,1HGCP2E35BA081311,1994,Lincoln,Puce,Oklahoma
89,4USFE83547L357654,1998,Ford,Green,Florida
90,19VDE3F73DE917805,1986,Mercury,Puce,New York
91,WAUBFCFL7CN921047,2010,Bentley,Pink,California
92,WBAPM77559N642210,2003,Toyota,Goldenrod,Ohio
93,1D7RW3BK3AS368593,1997,Infiniti,Purple,Alabama
94,WBAPL33599A278768,1992,Ford,Blue,California
95,2C4RRGAG2ER556891,2005,BMW,Khaki,Illinois
96,2FMDK4JC3AB810601,2008,BMW,Aquamarine,California
97,WA1DGBFE9FD169568,2010,Ford,Purple,Oregon
98,19UUA65574A411970,2007,Mercury,Aquamarine,Michigan
99,JN8AF5MR9DT427808,2010,GMC,Purple,Colorado
100,ZHWGU5BZ3DL762584,1985,Mazda,Orange,Florida
101,YV4612HK2F1292971,1994,Mitsubishi,Purple,Delaware
102,WBSPM9C54BE111986,2003,Audi,Maroon,Florida
103,1G6KF57935U206862,1986,Saab,Fuscia,Minnesota
104,WP1AE2A21BL668629,2010,Cadillac,Orange,California
105,JN1AZ4EH0FM414920,1994,Hyundai,Khaki,Tennessee
106,2FMDK3AK5CB520235,1997,Ford,Red,Ohio
107,3N1AB7AP3FY405225,2002,Chevrolet,Puce,Pennsylvania
108,5NPEB4AC8BH738621,2012,Bentley,Indigo,Tennessee
109,1G6DM577880374229,1990,Buick,Red,Florida
110,WAULFAFR5DA106254,2005,GMC,Indigo,California
111,19UUA8F26BA238164,2004,Toyota,Green,New York
112,5TFAW5F16EX091628,2007,Volvo,Yellow,Nevada
113,YV4902BZ8E1893290,1992,Dodge,Red,Connecticut
114,WAUKGBFB6AN801624,1993,Ford,Pink,Texas
115,SCFEBBAK3EG072564,1997,Volkswagen,Yellow,Nevada
116,5N1AN0NW6EN994193,2010,Mercury,Khaki,California
117,1N6AA0CJ5FN715662,1998,Dodge,Puce,Illinois
118,WA1DGBFE6FD373230,1995,Lincoln,Aquamarine,Kansas
119,5NPDH4AE4DH768164,1993,Toyota,Turquoise,District of Columbia
120,WBAYA8C58FD665958,2010,MINI,Puce,New York
121,WBAEA5C58AC115174,2002,Oldsmobile,Violet,Texas
122,WAUEFBFL4EN723214,2012,Honda,Puce,California
123,WVGAV3AX7DW295261,1993,Mitsubishi,Teal,North Carolina
124,WAUGGBFC8CN733179,2005,Ford,Khaki,Florida
125,1GYS3FEJ4BR416033,2012,Aston Martin,Puce,Arizona
126,SCBBR9ZA7AC797395,1995,Ford,Goldenrod,North Carolina
127,WP1AE2A22DL587982,1989,Mercedes-Benz,Indigo,New Mexico
128,YV126MED6F1286069,2000,Mazda,Mauv,California
129,1G6DL1E30D0758205,2000,Mazda,Khaki,Georgia
130,1N4AB7AP0EN069080,2009,Nissan,Orange,Alabama
131,WBALM535X9E026494,2001,GMC,Turquoise,Florida
132,KNADM5A36F6039481,1996,Mitsubishi,Fuscia,Illinois
133,JM1CR2W32A0421526,1990,Volkswagen,Fuscia,North Carolina
134,1HGCP2E75BA339216,1988,Ford,Blue,Oklahoma
135,1GYFC668X8R883513,1988,Suzuki,Indigo,California
136,WAUKD78P89A687434,1998,Oldsmobile,Indigo,Maryland
137,JN1EY1AP5DM126260,2011,Ford,Purple,Georgia
138,4T1BF1FK2CU600727,1994,Volvo,Violet,Oregon
139,WAUKG98E76A919938,2003,Mitsubishi,Aquamarine,Indiana
140,3D7TT2CT4BG823461,2008,Mercedes-Benz,Purple,Florida
141,WBAVM1C50DV889265,1992,Dodge,Orange,California
142,1FMEU8DE4AU206181,2006,Suzuki,Puce,Washington
143,1GYS4HEF3ER737070,2006,Acura,Pink,Louisiana
144,1FTSF3A51AE873955,1992,Suzuki,Yellow,Nevada
145,WBADX7C57DJ152531,2004,Maserati,Pink,Florida
146,1GD12ZCG6CF722713,2000,Ford,Crimson,Pennsylvania
147,1C3BCBFGXEN686143,2012,Mitsubishi,Turquoise,Texas
148,1G6AB5S35E0875619,1988,Volkswagen,Crimson,Michigan
149,JH4CU26619C554795,2011,Smart,Khaki,Utah
150,JTDZN3EU9D3695654,2010,Volkswagen,Goldenrod,North Carolina
151,4T1BF1FK1EU211368,2010,Hyundai,Turquoise,Texas
152,JN1AZ4FH1FM660020,1988,Porsche,Teal,Minnesota
153,WAUDT94F75N503379,1992,Saturn,Indigo,Texas
154,KMHCT4AE8EU462002,2009,Toyota,Indigo,Illinois
155,1D7RB1GT6BS039714,2010,Toyota,Puce,Michigan
156,WBSDX9C56CE530143,1994,Land Rover,Maroon,Connecticut
157,WA1DGAFP8FA590226,1992,GMC,Indigo,New Jersey
158,1FTSW2A58AE876118,2011,Chevrolet,Maroon,Texas
159,JH4KB16557C855005,2010,Toyota,Crimson,California
160,5N1CR2MM1EC805647,1989,Subaru,Aquamarine,Ohio
161,WAUFFAFL2BA320334,1993,Buick,Fuscia,District of Columbia
162,3VW4A7AT1CM342636,2001,Volvo,Red,Ohio
163,WAUHGAFC0FN074713,2010,Land Rover,Crimson,District of Columbia
164,JTHBE5C21B5409164,2010,Rolls-Royce,Puce,Kansas
165,JN8AF5MR9CT676799,2002,Toyota,Teal,New York
166,5BZBF0AA8FN799231,2007,Mazda,Maroon,New York
167,2FMDK4GC5AB110800,2007,Jeep,Green,Tennessee
168,3D7TP2CT2AG187495,1995,Mazda,Blue,Pennsylvania
169,WAUSF78E88A329533,2012,Suzuki,Maroon,Texas
170,WBAVB73577P996069,2005,Spyker,Red,Idaho
171,1FTEW1C85AF278920,1978,Toyota,Turquoise,Minnesota
172,1GTN1TEX8BZ046345,2005,Cadillac,Indigo,Colorado
173,WBABS53443E029603,2002,Acura,Orange,Texas
174,5N1AT2ML2FC916452,1979,Buick,Khaki,Nebraska
175,JTEBU5JR0B5195588,1996,Toyota,Teal,Colorado
176,5UXFH0C59BL229982,1978,Dodge,Khaki,Arizona
177,1GKS2GEJ1CR923332,2008,Chevrolet,Indigo,North Carolina
178,5N1AA0ND8FN133173,2010,Volkswagen,Purple,Texas
179,1FT7W2A63EE402100,2004,Ford,Crimson,Pennsylvania
180,1N6AD0CU2BC274483,2008,Kia,Puce,Texas
181,WAUBGAFB5AN930528,1996,Volkswagen,Puce,Missouri
182,WAUDF78E37A423679,1993,Toyota,Green,Texas
183,JH4DC53823S366153,2011,Mercedes-Benz,Fuscia,New York
184,2T1KU4EE7BC913372,2010,Jeep,Red,Massachusetts
185,5TFCW5F14DX023304,2009,Audi,Puce,Kansas
186,1GYUKDEFXAR107757,1953,Chevrolet,Blue,Florida
187,WAUFFAFC8DN896232,2009,Land Rover,Mauv,Virginia
188,WAUDFBFL4AN491462,1992,Toyota,Teal,Virginia
189,5UXZV4C52DL564212,1995,Saturn,Blue,Nevada
190,JH4CL96807C069123,2010,Tesla,Aquamarine,Massachusetts
191,WBAGL63403D733456,2005,Hyundai,Blue,Maryland
192,WAUDF78E67A185410,2009,Cadillac,Mauv,Texas
193,1FBNE3BL7BD219812,2008,Ford,Fuscia,Colorado
194,3N1BC1AP5BL831939,2008,Audi,Red,Tennessee
195,WAUDFAFC5CN663446,2002,Cadillac,Khaki,New York
196,WAUAC48H16K506931,2006,Cadillac,Khaki,Colorado
197,WBAYP9C55FD007955,2012,Chevrolet,Aquamarine,Alabama
198,1FADP3E28DL375198,2011,Ferrari,Orange,Michigan
199,1G6AC5SXXE0269734,2002,Volkswagen,Purple,Iowa
200,2G4WC562X51911483,2010,Mazda,Fuscia,New York
201,WVWGU9AN2BE614510,2006,Volkswagen,Indigo,California
202,SCFBF03B58G696069,2004,Volvo,Pink,Colorado
203,JTMHY7AJ6E4246059,1998,Audi,Teal,Florida
204,5N1CR2MM8EC784425,2008,Lamborghini,Aquamarine,Virginia
205,ML32A3HJ5FH689373,2004,Jaguar,Maroon,Hawaii
206,5UXFE43547L191102,2007,Hyundai,Indigo,Georgia
207,1GKKRNED9BJ183231,2002,Chevrolet,Yellow,Connecticut
208,1FMJU2A52AE002425,2007,BMW,Aquamarine,Ohio
209,WAUPL58E94A151046,1999,Ford,Violet,California
210,JN1CV6FE0EM877319,2001,Volvo,Puce,Alabama
211,KMHTC6AD7FU887778,2005,GMC,Khaki,Alabama
212,WA1AY74L39D785303,2007,BMW,Khaki,Tennessee
213,5J8TB3H51DL933193,2009,Mercury,Goldenrod,California
214,KMHDB8AE3AU198504,1991,Volkswagen,Turquoise,California
215,5GADX23L26D847555,2001,Nissan,Goldenrod,Delaware
216,KNADM4A39C6410767,2007,Dodge,Fuscia,District of Columbia
217,KNDJT2A27D7729987,1988,Pontiac,Orange,Texas
218,JTEBU5JR8E5048195,2008,Chevrolet,Aquamarine,California
219,1C3BC2FB5BN797439,2010,Lincoln,Puce,Michigan
220,JM1GJ1U50F1948800,2010,Mazda,Goldenrod,Texas
221,JN1CV6EKXFM698178,2005,Volkswagen,Mauv,California
222,5GAKVAEDXBJ481689,2009,Bentley,Goldenrod,Indiana
223,2G4GN5EK9C9358999,2007,Pontiac,Pink,Florida
224,WAUEF78E06A131734,1997,Toyota,Purple,Virginia
225,WP0AA2A91CS241553,1999,Toyota,Mauv,Connecticut
226,55SWF4JBXFU139111,2006,Mercedes-Benz,Violet,Hawaii
227,1N6AD0CW0EN829585,2010,Lincoln,Indigo,Ohio
228,3GYFNBE33FS820594,2009,Volvo,Goldenrod,Ohio
229,WBAUP7C56BV722346,1993,Mercedes-Benz,Khaki,Colorado
230,3C4PDDDG3FT511263,1995,BMW,Pink,Arizona
231,2T2BK1BA9DC102368,1984,Lincoln,Crimson,California
232,5TDBKRFH1FS513980,2007,Saab,Red,Texas
233,5N1AT2MK0EC396824,1993,Chevrolet,Goldenrod,Florida
234,1G6KE54Y83U710772,2005,Chevrolet,Indigo,Texas
235,2C3CA6CT9AH323449,2011,Mercedes-Benz,Fuscia,Texas
236,SCBCP7ZA7AC221417,2012,Porsche,Blue,Texas
237,JH4CU2E8XEC530797,2006,Suzuki,Indigo,Pennsylvania
238,WBA3B1C54DK334298,1989,Volkswagen,Teal,Tennessee
239,WBADS334X1G168472,2002,Audi,Khaki,Iowa
240,WBAFZ9C53DC609743,1998,Oldsmobile,Red,Kentucky
241,1N4AA5AP4CC087744,1995,Toyota,Blue,Georgia
242,WBAWR3C57AP450906,1987,Lincoln,Pink,District of Columbia
243,WAUAFAFL4AN456482,2005,Dodge,Yellow,Virginia
244,WAUVT58E65A826621,1998,Audi,Crimson,Georgia
245,WBAKB0C56BC575907,2006,Lexus,Crimson,Minnesota
246,19XFA1F3XBE844961,1960,Fairthorpe,Orange,Washington
247,KNDPB3ACXF7310305,1996,Toyota,Maroon,Ohio
248,WP0AB2A85CU402415,2006,GMC,Red,Texas
249,JH4CL96855C325348,2003,Chevrolet,Puce,Connecticut
250,WVWEU9AN9AE213817,2007,Volkswagen,Crimson,Iowa
251,1G6DP5E38C0148224,2000,Suzuki,Fuscia,New York
252,WAUDF98E77A105107,2009,Honda,Purple,South Carolina
253,WAUJC68E42A430543,2010,Saab,Indigo,Montana
254,SCFFDCCD8AG750951,2006,Acura,Puce,Ohio
255,WAUBF98E58A421341,1990,Ford,Yellow,Missouri
256,1FTSW2B51AE992789,1998,Acura,Yellow,Missouri
257,WAUBF78E57A546116,2000,Ford,Indigo,Nebraska
258,1C4NJCBA7ED027304,2001,Ford,Fuscia,Kansas
259,1N6AA0EC7EN121717,1996,Ford,Indigo,Illinois
260,WAUWFAFH8BN257356,2007,Cadillac,Teal,Connecticut
261,1C4RDHEG5EC456937,1996,Dodge,Blue,Oregon
262,WA1MKAFP7AA813251,2011,Hyundai,Khaki,Virginia
263,SCFFBCCDXAG067350,1997,Kia,Blue,Texas
264,2C3CDYAG4CH332345,2011,Honda,Violet,Ohio
265,WVWAN7AN6EE313105,2001,Buick,Maroon,Colorado
266,WBAEJ13453A600063,2004,Mitsubishi,Fuscia,Florida
267,WAU4FAFRXCA774084,1988,Buick,Maroon,Virginia
268,5N1AA0NE7FN560014,1991,Eagle,Puce,Michigan
269,WAUWFAFH7DN259067,2004,Ford,Orange,Texas
270,TRUUT28N811244551,1989,Dodge,Red,Florida
271,YV140MEAXF1126762,1994,Acura,Khaki,Colorado
272,WA1C8BFP8DA240574,2009,Subaru,Goldenrod,California
273,1ZVBP8AM7E5155074,2011,Aston Martin,Goldenrod,California
274,WBAXH5C51DD162002,2008,Audi,Indigo,Kansas
275,WAUGU44D22N436682,1992,Audi,Blue,Florida
276,WAUHGBFCXCN874873,1993,Lamborghini,Violet,Michigan
277,WBA3B5C58DF076531,2011,Lexus,Aquamarine,Pennsylvania
278,SALFP2BN4BH663062,1994,Honda,Orange,California
279,KMHCM3AC1AU051251,1993,Eagle,Mauv,New York
280,5UXZV4C51BL598896,1988,Pontiac,Aquamarine,Kentucky
281,KNAGM4A7XB5591835,1996,Mercedes-Benz,Green,Louisiana
282,KMHEC4A47FA399137,2006,Volvo,Green,Virginia
283,2C4JDGAG0CR078849,2009,Toyota,Goldenrod,Ohio
284,JN1BJ0HP8EM390324,2010,Ford,Blue,New York
285,1GYS3BEF8BR740638,2012,Infiniti,Khaki,Texas
286,JN1BJ0HP4EM866133,2008,Mercury,Red,Colorado
287,WDCYC3HF7DX602082,2001,Nissan,Turquoise,Texas
288,WAUNF78P48A240833,2007,Toyota,Indigo,Pennsylvania
289,JTDZN3EU6E3439330,2003,Dodge,Indigo,Washington
290,2G4GK5EX2F9436399,1993,Mitsubishi,Purple,Maryland
291,WA1AY74L79D718297,1992,Eagle,Yellow,Colorado
292,WBAYB6C55ED834351,2007,Maybach,Red,California
293,WAUBG78E06A702476,1996,Ford,Yellow,Alabama
294,1GD02ZCG4DF338054,1991,Mitsubishi,Mauv,Georgia
295,2D4RN7DG4BR882004,2000,Dodge,Fuscia,Indiana
296,SAJWA4GC4EM583690,2011,Kia,Pink,Delaware
297,WBABS53402E873930,1991,Lincoln,Purple,Louisiana
298,WP0CA2A80FS211304,2002,Dodge,Pink,Oregon
299,WA1LMAFE0FD180683,1999,GMC,Purple,North Dakota
300,2FMHK6DC5AB665327,1988,Mitsubishi,Aquamarine,Maryland
301,1FBNE3BL4BD319950,1993,Dodge,Goldenrod,Texas
302,WBAYE4C59ED281473,2003,Mercury,Green,Texas
303,WAUFGBFB5BN129350,2007,BMW,Maroon,Connecticut
304,1FTSX2A57AE069845,2012,Toyota,Pink,Michigan
305,JHMGE8G34CS512320,2003,Mercedes-Benz,Fuscia,Virginia
306,5NPDH4AE5CH075134,1998,Chevrolet,Crimson,Utah
307,1G6DX67DX80748343,1994,Nissan,Aquamarine,Texas
308,WBAPK5C59AA603034,2010,GMC,Violet,New Jersey
309,WBAUT9C51BA186937,1987,Mazda,Goldenrod,Ohio
310,WBAUP9C54DV983781,2009,Toyota,Yellow,Tennessee
311,JTDKTUD3XED784005,2006,Mazda,Purple,Florida
312,YV4902DZ7E2579931,2008,Lexus,Fuscia,Massachusetts
313,1FMJK1HT5FE273328,2010,Nissan,Green,Illinois
314,1GKS1AE08CR043638,2005,Ford,Fuscia,Florida
315,2G61P5S39E9942150,1990,Saab,Orange,Texas
316,WAULV94E59N763301,2006,Pontiac,Pink,Washington
317,1D7RE2GK3BS508567,2002,Land Rover,Teal,California
318,JH4NA21685S799828,2003,Dodge,Crimson,Texas
319,WAULK98KX9A765870,1999,Mercury,Violet,California
320,JM3ER2W31A0866789,2004,Pontiac,Crimson,New Jersey
321,1GD12XEG3FF532941,1995,Dodge,Teal,Missouri
322,19UUA56833A190725,2007,Toyota,Indigo,Nevada
323,WVGAV7AXXAW846897,2010,GMC,Violet,North Carolina
324,3GYEK62N34G661853,1994,Lexus,Orange,Florida
325,1G6DU6EV7A0401188,1997,Audi,Orange,Texas
326,2T1BPRHE2FC971704,2005,Pontiac,Violet,Virginia
327,5YMGY0C5XBL073772,2002,Hyundai,Pink,New Jersey
328,3N1CN7AP5EL050473,1988,Volkswagen,Indigo,Rhode Island
329,WA1CM94L89D465863,1990,Ford,Purple,Texas
330,WBA3A5C59CF728803,1992,Mitsubishi,Purple,California
331,1C3BCBFGXEN117731,1997,Nissan,Mauv,Indiana
332,WAUHE78P69A135888,2012,Hyundai,Red,Florida
333,WAUBNAFBXAN039169,2002,Chrysler,Fuscia,Florida
334,1G6DU6ED1B0460147,2002,Ford,Fuscia,Minnesota
335,WAUED54B11N340732,1992,Mitsubishi,Teal,Hawaii
336,JTDKTUD31ED499984,1995,Volkswagen,Red,Florida
337,WVWAA7AHXBV613571,2010,Kia,Indigo,North Carolina
338,WAUJFAFH0BN475012,2005,Honda,Yellow,Oklahoma
339,WBAVA375X8N379963,2008,Isuzu,Pink,Maryland
340,WAUHMAFC4EN354206,2008,Hyundai,Indigo,Michigan
341,WAULT58E44A888086,1998,Lexus,Puce,California
342,19UUA96209A337627,1995,Mazda,Purple,Missouri
343,4USDU53557L622297,2007,BMW,Violet,Georgia
344,3VW1K7AJ3EM539728,1997,Audi,Green,Georgia
345,WP0CA2A8XEK434657,2009,Bentley,Khaki,Utah
346,JH4CL95945C098714,2008,Ford,Mauv,Kansas
347,3D7JV1EPXBG433136,2000,Mazda,Pink,Missouri
348,1G6KE54Y32U473297,2007,Mazda,Turquoise,Arizona
349,3C63DRAL8CG225465,2008,Ford,Puce,Florida
350,1FMCU9D70AK947597,1990,Ford,Maroon,Washington
351,1GD022CG4CZ154768,2003,GMC,Khaki,Arkansas
352,3VWC17AU6FM104693,2008,BMW,Aquamarine,California
353,JM1GJ1T64E1960263,2001,Volvo,Teal,Texas
354,KNDMG4C74C6554818,1999,Mercury,Red,Texas
355,WBAVD53518A397039,1999,Dodge,Goldenrod,Washington
356,SCFEBBAC4AG700795,2011,Hyundai,Khaki,Arizona
357,1G6AB5S30F0779673,1998,Lamborghini,Blue,Arizona
358,1FBAX2CM8FK622046,2012,Chevrolet,Mauv,Alabama
359,JN1CV6EK4EM929137,2004,Land Rover,Crimson,North Carolina
360,SCBCR63WX4C702856,2003,GMC,Teal,Colorado
361,1G6DV57V590897897,2007,Mercury,Orange,Texas
362,JTEBU5JR7B5722896,2000,Buick,Goldenrod,Massachusetts
363,1FTSW3B54AE085251,1998,Mercedes-Benz,Pink,Mississippi
364,2C3CDXJG2EH555335,2011,Hyundai,Khaki,Pennsylvania
365,WAUEF78E57A555394,2012,Lexus,Crimson,Kentucky
366,SALCR2BG2FH117607,1991,Mercedes-Benz,Red,Minnesota
367,2T1BPRHE2EC678819,2003,Pontiac,Khaki,Georgia
368,WBAFU7C58BD367624,2001,Audi,Teal,Oregon
369,2C4RDGCG1CR685391,2006,Nissan,Yellow,Nevada
370,WBAXG5C52CD628974,1995,GMC,Puce,Washington
371,1FTFW1E84AF141078,1999,Honda,Orange,New Jersey
372,4T1BK3DB1AU675278,2003,Ford,Puce,Kentucky
373,WAULV94E89N631052,2011,Jeep,Red,Illinois
374,WAURD68D02A547334,1992,Mercedes-Benz,Yellow,Tennessee
375,2C3CA9CT2AH193774,1995,Nissan,Aquamarine,New York
376,WBABD53456P204069,2008,Volkswagen,Fuscia,Ohio
377,JA32U1FU2AU807674,1994,Mitsubishi,Fuscia,Texas
378,1G6AC1R3XF0529885,1984,Volkswagen,Yellow,Texas
379,1G4PN5SK5C4692633,2008,Cadillac,Orange,Virginia
380,WBAKA4C55CC024993,1994,Oldsmobile,Teal,Texas
381,19UUB3F53FA027990,1998,GMC,Orange,California
382,1C4SDJCT1DC392550,1994,Dodge,Khaki,District of Columbia
383,2T2BK1BA5DC477271,2008,Bentley,Purple,Connecticut
384,JN8AE2KP2F9345888,2002,Ford,Red,Arizona
385,JTJHY7AX0B4013369,2009,Ford,Pink,California
386,WBADS33471G186010,2010,Chrysler,Khaki,Tennessee
387,1J4NF1GB1BD935177,2002,Ford,Green,Florida
388,WP0AA2A89FK997305,2007,Lamborghini,Purple,Alabama
389,1G4HC5EM1BU363112,1997,Ford,Green,Alabama
390,2C3CCAGG3CH207046,1993,Dodge,Green,Texas
391,2G4WS52J241204750,1997,Mercury,Violet,Iowa
392,WAUDF78E75A927522,2000,Dodge,Crimson,Georgia
393,5UXFA93594L854944,1994,Lotus,Puce,California
394,1FTSW2A58AE354976,2006,Acura,Khaki,South Carolina
395,SCFEDCAD1CG589747,1993,Mercedes-Benz,Violet,Texas
396,WAUFFAFM9BA711473,2005,BMW,Puce,Iowa
397,1GYFK532X9R030902,1975,Chevrolet,Red,Connecticut
398,WAUKF78P39A427629,2004,Acura,Khaki,Florida
399,TRUSC28N831623950,2009,Porsche,Crimson,Washington
400,3GYFNGE33CS160033,2006,GMC,Turquoise,Minnesota
401,SCBLF44J99C757130,2008,BMW,Puce,Massachusetts
402,WAUAFAFC6CN780021,2011,Ford,Green,Florida
403,SCBGH3ZA7FC935207,2003,Chevrolet,Turquoise,Alabama
404,KNDPB3A28C7500493,1985,Audi,Crimson,Minnesota
405,5TFCY5F18BX795974,1992,Daihatsu,Orange,Washington
406,JHMZE2H30CS828270,1985,Pontiac,Khaki,Pennsylvania
407,WAUEF98E36A909181,1985,Mercury,Maroon,California
408,WBADX7C59DJ039731,2007,Chevrolet,Violet,Colorado
409,2T2BK1BA9EC356955,2004,Volvo,Khaki,California
410,WBA3N9C57EF062880,1998,Mercury,Violet,New York
411,SCFFDABM0DG394764,2012,Chevrolet,Aquamarine,Mississippi
412,1C3CDZAB2CN329932,1993,Ford,Purple,New York
413,WVWAB7AJ5DW502729,1994,Toyota,Teal,District of Columbia
414,WA1CMAFE5CD939226,2009,Ford,Pink,California
415,5NPDH4AE6CH912831,1994,Mercedes-Benz,Green,California
416,4T1BB3EK8AU554973,2009,Chevrolet,Turquoise,Oklahoma
417,WBA3N9C59EK325796,1996,Chevrolet,Turquoise,North Dakota
418,JA4AS2AW7AZ186432,1997,Pontiac,Aquamarine,Oklahoma
419,JN1CV6EK2DM151578,2000,Cadillac,Purple,Ohio
420,1G6DD8E37E0758452,1994,Oldsmobile,Khaki,Minnesota
421,1N6AA0CJ2FN738347,1984,Buick,Mauv,Maryland
422,1G6DM5ED1B0135024,1986,Mercedes-Benz,Fuscia,Washington
423,3GYFK62858G372980,1992,Toyota,Violet,Louisiana
424,KNAFZ6A36F5464074,2000,Acura,Pink,New York
425,WAUCFAFRXAA913073,1993,Mercedes-Benz,Crimson,New York
426,WBAWL73589P935768,1985,Porsche,Pink,Iowa
427,1N4AA5AP3DC889414,1989,Dodge,Maroon,California
428,KMHTC6AD7CU766874,1987,Volkswagen,Blue,Tennessee
429,1N6AD0CU1AC307293,2003,Dodge,Orange,Florida
430,1G6AB1R3XF0646949,1960,Fairthorpe,Goldenrod,California
431,JTHBL5EF0F5721424,2002,Audi,Goldenrod,Florida
432,1G6DF5EG8A0869470,2001,Subaru,Green,Illinois
433,1FTWX3A58AE253859,2011,Mercedes-Benz,Turquoise,Texas
434,JHMGE8G22AC775792,2009,Lexus,Khaki,New York
435,1C3CDFAA1FD797330,2009,Mazda,Goldenrod,New York
436,JN1AZ4EH1DM684302,2009,Volvo,Yellow,District of Columbia
437,WA1CGAFP5FA158866,1984,Pontiac,Blue,Tennessee
438,WAUBF78K19N681949,2002,Mercedes-Benz,Khaki,Tennessee
439,19XFB2F55FE594006,1997,Honda,Khaki,New York
440,1B3CB7HB8AD342278,2004,Pontiac,Yellow,Florida
441,WBANV13549B942992,1994,Kia,Aquamarine,Indiana
442,JH4DC44691S636807,2009,Chevrolet,Fuscia,New York
443,WAUBGAFB0BN260887,1986,Mazda,Violet,South Carolina
444,19XFA1E57BE229741,1996,Mazda,Purple,Nebraska
445,1D4PU6GX3BW839555,2005,Toyota,Purple,Washington
446,2HNYB1H62DH332724,2009,Mazda,Orange,Wisconsin
447,WAULFAFR5CA792147,2007,Chrysler,Red,Minnesota
448,WDDDJ7CB2AA648297,2005,Nissan,Blue,California
449,5FRYD4H41EB444047,2006,Chevrolet,Teal,Alaska
450,5TFBY5F16BX520101,2006,Chrysler,Indigo,California
451,JM1GJ1T69E1036918,1972,Chevrolet,Aquamarine,Connecticut
452,1D7RE3GK7BS928886,2010,Maybach,Blue,Colorado
453,WBAPH7C50AA449307,2011,Cadillac,Green,New Jersey
454,WAULC58E03A554572,2010,GMC,Khaki,California
455,1G4CW54K854820908,2006,Ford,Red,California
456,19XFA1E80AE394961,2002,Acura,Mauv,Indiana
457,3GYVKNEF9AG451235,2001,Kia,Aquamarine,Texas
458,1C4NJPBA4CD464536,2004,Toyota,Crimson,Indiana
459,WAULFAFR9DA985922,1997,Toyota,Khaki,Texas
460,SALFR2BN3AH040251,2005,Dodge,Blue,Missouri
461,WVWAA7AJ9CW918686,1997,Mercury,Goldenrod,New York
462,WAUVT58E23A958885,1990,Mitsubishi,Maroon,Nevada
463,1N6AF0LX8FN246489,1998,Lexus,Green,Colorado
464,3VW517AT7EM362607,1996,Nissan,Aquamarine,New Mexico
465,1G6AB5S39F0130969,1994,GMC,Mauv,Minnesota
466,JN1AJ0HP8CM475883,2000,Chevrolet,Red,Florida
467,1G6DN56SX50405821,2003,Audi,Puce,North Carolina
468,1FMHK7B87CG147719,1989,Porsche,Aquamarine,Arizona
469,5XYKT3A16BG728881,2011,Maserati,Khaki,Virginia
470,1FBAX2CM4FK059092,2011,Nissan,Blue,North Carolina
471,KNADM5A34F6107888,1993,Dodge,Mauv,Texas
472,19UUA8F23EA327467,2001,Saab,Indigo,New York
473,1VWAP7A35EC539198,2012,Dodge,Yellow,Pennsylvania
474,2G61L5S38F9641480,2005,Porsche,Crimson,Kentucky
475,4JGBF2FE1CA440583,2001,Mazda,Orange,Arkansas
476,WVWAA7AJ8CW747980,1997,Mercury,Teal,Texas
477,WBAYA6C57DC807899,1998,GMC,Pink,California
478,3TMJU4GN2AM668558,2006,Subaru,Goldenrod,Kentucky
479,WDDHF5KB5EA456368,2004,Honda,Red,Texas
480,1N6AA0CJXFN630221,2003,GMC,Mauv,Ohio
481,WDCYC3HF5AX063456,2000,Chrysler,Goldenrod,Oregon
482,JTDBT4K3XB4484088,2009,Nissan,Crimson,West Virginia
483,3VWKX8AJ5BM757614,2001,Mitsubishi,Crimson,North Carolina
484,3GYFK66N35G684856,2009,Lexus,Pink,District of Columbia
485,WUAGNAFG9BN308299,2011,Land Rover,Teal,Georgia
486,19UUA9E53CA735997,2002,BMW,Turquoise,Florida
487,JH4DC53806S841545,2010,Volkswagen,Violet,New York
488,SCFEFBACXAG509855,2009,Honda,Crimson,Indiana
489,19UUA66218A192353,1992,Geo,Purple,Ohio
490,JTDKN3DU0A0055221,1986,Pontiac,Puce,Florida
491,1FMCU0E76AK973650,1999,Honda,Crimson,Iowa
492,WBANN73596C311390,1994,Volvo,Red,Florida
493,4T1BF1FK8EU444793,2010,Nissan,Aquamarine,Virginia
494,JA32X2HU3BU594536,2002,Mazda,Fuscia,Arizona
495,1FMCU0F79EU520387,2004,BMW,Blue,Virginia
496,1FTSW3B52AE337708,1989,Lincoln,Crimson,Pennsylvania
497,SAJWA4EC2EM958365,1978,Chevrolet,Green,Minnesota
498,YV440MBK8F1093633,1994,Ford,Goldenrod,Georgia
499,1GYS4GEF5DR137658,1995,Chevrolet,Crimson,Maryland
500,WBAYA8C56DC330653,2011,Mitsubishi,Aquamarine,Michigan
501,WBA3A5C59CF177935,2011,GMC,Violet,Illinois
502,1G6KD57Y79U867488,1995,Ford,Yellow,Pennsylvania
503,VNKJTUD31FA630160,1988,Lincoln,Violet,Pennsylvania
504,WDDPK5HA2FF576137,2008,Maserati,Aquamarine,Kentucky
505,WAUDFAFL1EN202411,1997,Ford,Green,California
506,1GT02ZCG1EF988658,2003,Oldsmobile,Crimson,Louisiana
507,WBSBL93493J313705,2002,Mazda,Violet,Arizona
508,2G4GR5GX9E9023855,1994,Ford,Orange,Texas
509,JM1NC2JF2B0733813,1990,Ford,Orange,Kansas
510,JH4CU4F66CC079289,2004,Mazda,Indigo,New York
511,KNAFU5A23D5081626,2003,Chrysler,Mauv,Texas
512,1G6YV34A555596731,2010,Scion,Fuscia,Pennsylvania
513,3FAHP0GA0AR006952,2012,Ford,Turquoise,Florida
514,2G4WC582X81480838,2011,Honda,Orange,Michigan
515,5FRYD4H97GB912958,2005,Hyundai,Red,Alabama
516,2C3CDXHG5CH075583,2011,Acura,Crimson,California
517,WBAHN03507D851369,2007,Hyundai,Puce,Georgia
518,WAULL44E56N239635,2006,Ford,Violet,California
519,WBA5M4C59ED961556,2004,Volvo,Yellow,Georgia
520,1G4PN5SK5C4456855,1992,Plymouth,Turquoise,Colorado
521,WAUEFBFL6CN029184,1996,Ford,Crimson,California
522,NM0KS9BN4DT933725,1993,Mazda,Teal,Colorado
523,KMHEC4A47FA783404,1994,Mercury,Red,Ohio
524,1N6AA0CC6AN123312,2006,Ford,Turquoise,California
525,SALCT2BG3FH826192,1996,Cadillac,Yellow,Idaho
526,5TDBKRFH0ES400620,1998,GMC,Red,Oklahoma
527,WAUHF78P27A743482,1992,Chevrolet,Blue,Florida
528,1GD21ZCG2CZ571746,2002,Chrysler,Teal,Oklahoma
529,YV4902BZ0B1553241,2012,Mitsubishi,Purple,Colorado
530,JTHKD5BH3E2454301,1992,Chevrolet,Maroon,Georgia
531,3D73Y4HL3BG575998,2012,Ford,Violet,Virginia
532,WAUAH78E77A180763,2005,Buick,Crimson,Pennsylvania
533,2FMGK5BC4AB620419,1998,Chevrolet,Khaki,Missouri
534,1FMEU3DEXAU689663,2003,BMW,Purple,Indiana
535,JN8AS5MT0BW120580,1992,Dodge,Violet,California
536,KMHGC4DE5AU736070,2009,Nissan,Mauv,Florida
537,WA1CFAFP5DA345847,2012,Hyundai,Goldenrod,Pennsylvania
538,3GYFNBEY6AS613654,2005,Mazda,Blue,California
539,3GYFNEE39ES339474,2002,BMW,Pink,Texas
540,WBAFU7C5XDD367563,1994,Chevrolet,Turquoise,District of Columbia
541,1GD020CG3CF579677,1992,Plymouth,Khaki,New York
542,WBAWV53568P110034,1994,Nissan,Teal,Florida
543,WAUCF78K69N167146,2008,Volvo,Goldenrod,Louisiana
544,1C6RD6FP9CS901256,2009,Honda,Aquamarine,Massachusetts
545,2G4GS5ER4D9746925,1994,Subaru,Goldenrod,District of Columbia
546,WDDGF4HB0DA055855,2009,BMW,Fuscia,Louisiana
547,JTHDU1EF8B5200881,1992,Chevrolet,Teal,Michigan
548,2T1BU4EE4CC594918,1984,Mazda,Yellow,California
549,WAUKFAFL5CN888229,2002,Honda,Mauv,Connecticut
550,5NPEB4AC8DH617820,1991,Volkswagen,Red,Alabama
551,1FTMF1E86AK296343,2010,Jeep,Khaki,Virginia
552,KMHHT6KD0CU630493,1999,Cadillac,Pink,Kentucky
553,WA1DGBFE4DD081413,2010,Jeep,Red,North Carolina
554,1G6DH5E58D0076148,1987,Volkswagen,Red,Georgia
555,5UXKR0C55E0990168,2001,Toyota,Maroon,Kentucky
556,1D7CW7GP1AS931772,1994,Lotus,Goldenrod,South Carolina
557,1GTN1TEH7FZ749434,2002,Nissan,Blue,Texas
558,5UMDU93406L757329,2004,Mitsubishi,Yellow,Texas
559,1N6AA0CC0EN564360,2007,Mercury,Green,Minnesota
560,1FMJK1HT6FE328482,1994,Mercedes-Benz,Red,California
561,1G4GC5ER6CF339045,2004,Lincoln,Mauv,Utah
562,1FAHP3E21CL365080,2001,Chevrolet,Teal,California
563,WUADUAFG6BN348345,1993,Nissan,Purple,Kentucky
564,1G6KD57Y18U893017,1996,GMC,Violet,California
565,WAUJT68E03A575841,2011,Aston Martin,Pink,Nevada
566,WAUKG58E35A232334,2005,Mazda,Pink,Nevada
567,SCBZU25E81C398590,1996,Dodge,Orange,Texas
568,SCFBF03B08G204578,2000,GMC,Red,Iowa
569,WBSPM93599E955614,2000,Dodge,Indigo,Minnesota
570,KMHTC6AD6CU963048,2010,Dodge,Khaki,South Carolina
571,JH4NA12644T256624,2009,BMW,Fuscia,Illinois
572,1C6RD6GP8CS493895,1989,Pontiac,Puce,Arizona
573,JH4CL95947C801747,1997,Dodge,Turquoise,Florida
574,1G6AM5S39D0490380,2009,GMC,Aquamarine,California
575,WA1BV94L57D737596,1999,Pontiac,Indigo,District of Columbia
576,WDDHF5KB6EA592895,2005,Toyota,Crimson,Florida
577,2HNYD28317H354854,2004,Chevrolet,Goldenrod,New York
578,2G4WC562051380276,2011,GMC,Purple,Washington
579,JA4AP3AU6CZ287079,1996,Dodge,Violet,Delaware
580,1D7CW3GK7AS707838,2012,Jeep,Violet,Louisiana
581,SCBLC37FX5C411933,1997,Chevrolet,Goldenrod,Texas
582,WAUSGCFCXCN153819,1986,Pontiac,Green,Illinois
583,3N1CE2CP3EL035034,1994,Volkswagen,Yellow,Oklahoma
584,WBAEV33412P610293,1961,Pontiac,Violet,Texas
585,WAUJC58E35A611891,2007,Spyker,Pink,Florida
586,YV4612HM5F1251882,1969,Mercury,Red,Minnesota
587,3D4PG9FG1BT898345,1998,Dodge,Goldenrod,Oregon
588,WAUWFAFR0BA955928,1996,Mazda,Purple,Nebraska
589,WBA3N7C5XFK609752,2001,Mitsubishi,Turquoise,Wyoming
590,KNADM5A36F6782092,1999,GMC,Crimson,Ohio
591,19VDE3F3XDE214490,2007,Mercury,Orange,Iowa
592,WAUGFAFC7EN922616,1993,Mazda,Pink,District of Columbia
593,3LNDL2L36CR796232,1998,Chevrolet,Fuscia,Illinois
594,WAUKF98P89A259210,1987,Pontiac,Mauv,California
595,3FAHP0DC3AR413721,1996,Mazda,Green,Tennessee
596,2G4WC562751019403,2006,Mercedes-Benz,Crimson,Georgia
597,3D4PH9FV4AT160047,2011,Audi,Aquamarine,Indiana
598,WAUDG94F86N083315,2006,Maserati,Turquoise,Texas
599,WBABN33442P130770,2010,Aston Martin,Puce,Florida
600,SCBBR93W98C256315,1996,Chevrolet,Puce,Alabama
601,WAUAF78E37A502532,1999,Suzuki,Khaki,Colorado
602,JN1AJ0HP6AM983542,1997,Honda,Indigo,Louisiana
603,YV126MFD8F1073736,2011,Volkswagen,Turquoise,Illinois
604,WBANA73584B486213,2006,Volvo,Goldenrod,Arizona
605,WAUJT68E44A202979,1993,GMC,Aquamarine,Kentucky
606,WDDLJ7DB4CA729167,2001,Infiniti,Red,Texas
607,WAUXL68E84A381263,2012,Ford,Aquamarine,Louisiana
608,JN1AY1AP8DM847803,2007,Saab,Teal,Texas
609,SCBZU25E51C691606,2003,Mercedes-Benz,Indigo,California
610,3D7LP2ET1BG102662,2013,Mazda,Goldenrod,Alabama
611,5FRYD3H97GB005752,1992,Mazda,Crimson,Illinois
612,5GAKRBKD4EJ097006,2000,Cadillac,Pink,Virginia
613,JTHBK1GG9D2847653,2003,Chevrolet,Mauv,Florida
614,JN8AE2KP6B9403009,2009,Toyota,Indigo,California
615,WAUBH74F26N535316,1995,Dodge,Red,Kansas
616,WBAYF8C53DD683587,2010,Acura,Indigo,New York
617,JM1GJ1U59F1933115,1998,Mercury,Pink,Michigan
618,WA1BY74L67D856687,1986,Buick,Aquamarine,Florida
619,WDDHF0EB5EB379512,1993,Pontiac,Red,California
620,1VWAS7A34FC857989,2003,Toyota,Violet,Texas
621,WA1CMAFE9BD695160,2000,Dodge,Indigo,Virginia
622,1G6DW67V990931794,2003,Oldsmobile,Teal,Georgia
623,WAUGL78E26A115018,1999,Cadillac,Indigo,South Carolina
624,4T1BF1FK4FU967584,1996,Buick,Pink,Texas
625,1N4AA5AP8CC578768,2006,Lexus,Khaki,California
626,5TDBK3EH8DS739705,1996,Toyota,Goldenrod,Texas
627,JTHBE1BL1D5268344,2003,Ford,Green,Ohio
628,TRUTC28N261733496,1992,Volkswagen,Orange,Texas
629,5NPDH4AEXDH619516,1993,Subaru,Red,Florida
630,JTJBJRBZ6F2681636,1995,Geo,Purple,Missouri
631,1G4GE5EDXBF588378,1998,Lexus,Puce,Kentucky
632,5FRYD3H98GB145180,1996,Ford,Mauv,Texas
633,WBA3C3C56EP254370,2000,GMC,Blue,Michigan
634,1G6DS1E37D0253586,1991,Mitsubishi,Turquoise,Louisiana
635,JTDJTUD32ED893019,2006,Scion,Fuscia,Washington
636,KL4CJBSB0EB836840,1992,Mazda,Fuscia,California
637,KM8JT3AB4DU483175,2009,Toyota,Red,District of Columbia
638,5FNYF3H34FB083525,1998,GMC,Goldenrod,New York
639,JHMZF1C42BS621904,2005,Honda,Blue,Texas
640,YV140MAM7F1085734,2001,BMW,Puce,California
641,JN8AZ1MU4EW578849,1991,Maserati,Maroon,North Carolina
642,WBAYP9C54DD462499,2002,Lexus,Maroon,Alabama
643,1FAHP3HN7AW011324,1983,Chevrolet,Puce,New Mexico
644,2B3CJ7DJ5BH553152,1989,Mercury,Indigo,Pennsylvania
645,WAUJC68E14A522521,2008,Nissan,Mauv,Pennsylvania
646,1N4AL2AP1CC001394,1997,Ford,Purple,Texas
647,1HGCP2E37BA187064,2007,Cadillac,Indigo,Missouri
648,WBAVA37507N336523,2008,Kia,Indigo,New York
649,SCFAD01E09G340256,1985,Honda,Crimson,Connecticut
650,1GTN1TEX9CZ633557,2008,Ferrari,Khaki,Massachusetts
651,SALAK2V67FA338112,2004,Mazda,Violet,Kansas
652,WBA3C3C51EP015955,1989,Audi,Crimson,Tennessee
653,1GYS4AEF5DR936451,1995,Nissan,Yellow,Ohio
654,1FTWX3A56AE623626,2011,Dodge,Green,Louisiana
655,1GKS1AKC0FR683152,2006,Toyota,Indigo,Florida
656,JTEBU5JR4E5630763,2001,Ford,Blue,Arizona
657,WA1LMAFE4CD547628,2006,Ford,Aquamarine,Virginia
658,1G6DH8E38E0490046,2010,Ford,Yellow,Florida
659,JTJHY7AX5D4398947,2006,Saturn,Aquamarine,Georgia
660,WDDEJ7EBXEA038381,2012,Subaru,Indigo,Utah
661,1C4NJCBA4FD177825,1992,Acura,Indigo,Michigan
662,1N6AF0KYXEN473823,2005,BMW,Maroon,Montana
663,1C3CCBCBXCN906097,1993,Ford,Crimson,Oklahoma
664,WAUFFAFL6CA764477,2009,Jaguar,Turquoise,Louisiana
665,1GYEC63T92R632350,2004,Toyota,Khaki,Florida
666,WAUHGAFC2DN414571,2004,Suzuki,Purple,Florida
667,SCBCR63W75C193116,2009,Acura,Maroon,Mississippi
668,JTJBC1BA7B2636690,2011,Mazda,Indigo,Texas
669,WAUDG78E36A247180,2001,Ford,Fuscia,Washington
670,WA1CGBFE4ED931697,2002,Acura,Khaki,California
671,137ZA833X1E035094,2007,Chevrolet,Puce,Maryland
672,WAULF78K59N489504,2011,Suzuki,Puce,Louisiana
673,1HGCR2F31DA091085,1999,Nissan,Blue,Hawaii
674,WBSDE93472C851082,1997,Dodge,Aquamarine,Louisiana
675,WBAWL1C53AP283126,1991,Ford,Crimson,New York
676,1C4NJCBA6DD248522,1993,Isuzu,Purple,California
677,WAUVT58E84A632896,1999,Chrysler,Red,Ohio
678,WBADX1C58CJ631410,2010,Cadillac,Green,Florida
679,3C4PDDEG6DT446727,2005,Honda,Crimson,Louisiana
680,1N4AL3AP1EC086827,1971,Chevrolet,Orange,Missouri
681,WAURGAFD0DN727650,1992,Mazda,Yellow,Georgia
682,WVWAP7AN6DE700584,2002,Suzuki,Green,Ohio
683,19XFB2E24CE836402,2011,Nissan,Yellow,Ohio
684,WA1WGAFPXDA495026,2005,Subaru,Aquamarine,Florida
685,SAJWA4EC0FM346585,2001,BMW,Indigo,Connecticut
686,1GTN1TEH3FZ207893,1992,Mazda,Fuscia,Iowa
687,5TFAW5F15FX149150,2010,Kia,Teal,Texas
688,5FPYK1F59EB813441,2009,Mercedes-Benz,Puce,Illinois
689,1FTMF1CW9AF630830,1993,BMW,Indigo,Nevada
690,WAUXG94F09N135232,1985,Chevrolet,Crimson,District of Columbia
691,3VW4A7AT8DM178142,2007,Kia,Puce,Massachusetts
692,5UXFH0C59AL732944,2010,BMW,Indigo,New York
693,JH4DB76641S748903,2011,Audi,Goldenrod,New York
694,WDDHF7GB6EA025994,1998,Porsche,Crimson,California
695,WBABW53456P117895,2010,Scion,Blue,Texas
696,1FAHP2D86FG354492,2001,Ford,Teal,Illinois
697,WBA3F9C53FK857981,2010,Lexus,Orange,California
698,1GYFK63898R508655,2009,Toyota,Teal,Indiana
699,1C4AJWAG2CL072417,1996,Ford,Red,Utah
700,WAU2GAFC4CN673339,2009,Pontiac,Mauv,Virginia
701,1C4NJCBA1DD195650,2010,Lincoln,Teal,Florida
702,WAUEH94FX6N939554,2007,Cadillac,Orange,Missouri
703,5N3ZA0NC1AN898655,2000,Mercedes-Benz,Mauv,Alabama
704,WBAKN9C55ED756748,2004,Chevrolet,Teal,California
705,1G6KD57Y67U015114,2003,Chevrolet,Aquamarine,New York
706,WBA3B3G51FN945493,2008,Hyundai,Mauv,Oregon
707,5N1AR1NB5CC454298,1992,Ford,Goldenrod,New Jersey
708,1N6AA0EJ6FN076561,2003,Mitsubishi,Pink,Ohio
709,WBABD33486P421295,2004,Mercedes-Benz,Mauv,Georgia
710,5UXFG83568L463796,2002,Dodge,Maroon,Virginia
711,ZFBCFABH1FZ762474,2000,Kia,Yellow,Maryland
712,JM3KE2BE2F0874560,1993,Volkswagen,Violet,Kansas
713,TRUSC28N911583178,1998,Dodge,Fuscia,California
714,WBS3U9C50FP940112,2009,Ford,Puce,Texas
715,WAU3FAFR6BA530135,1993,Ford,Puce,Texas
716,137FA90351E846444,1991,Volkswagen,Fuscia,Washington
717,2D4RN3DG6BR960842,2001,Toyota,Turquoise,Georgia
718,4USBU53597L066227,1994,Hummer,Aquamarine,Florida
719,1FT7W2A62EE793742,2005,Lincoln,Violet,Virginia
720,1G6EL12Y21B028803,1998,BMW,Indigo,Florida
721,1N6AA0CA1AN088810,2003,Mitsubishi,Khaki,Florida
722,WAUKFAFL6BN243409,1995,Acura,Yellow,Indiana
723,5UXWX5C57CL713487,2005,Lamborghini,Aquamarine,Maryland
724,3VWJP7AT0CM873148,2007,Saturn,Blue,Texas
725,2HNYD28688H786112,2008,Pontiac,Khaki,District of Columbia
726,1J4PN2GK2BW598878,2009,Ford,Indigo,California
727,JTHBB1BA8B2323703,2004,Toyota,Red,District of Columbia
728,KMHCM3AC6BU268506,2010,Volvo,Puce,Tennessee
729,SAJWA1CBXBL916004,1986,Mercury,Blue,Indiana
730,5J8TB18258A230157,2006,Buick,Crimson,Washington
731,KL4CJDSB3EB031829,1989,Mercedes-Benz,Fuscia,South Carolina
732,JH4CU2F45CC481078,2007,Chevrolet,Khaki,Texas
733,WA1AV94L57D476014,1994,Oldsmobile,Violet,Pennsylvania
734,WAUJC68E15A599486,1985,Buick,Turquoise,District of Columbia
735,1G6DC8EG0A0575961,2003,BMW,Turquoise,California
736,2T2BK1BA7FC339038,2004,Ford,Pink,Texas
737,5N1AA0NC4FN216767,1994,Audi,Fuscia,Florida
738,WVGEF9BP0FD353094,2010,Jaguar,Red,Washington
739,3N1CN7AP0DL456028,2008,Chevrolet,Green,Texas
740,WBA3R5C59EK224951,1995,Pontiac,Red,New York
741,1D4PT4GK4AW401217,1986,Audi,Khaki,California
742,3VW4S7AT4EM412095,2011,Mazda,Teal,Alabama
743,JTHBE1KS1B0719063,2003,Honda,Blue,Ohio
744,1N6BF0KL7FN133362,2005,Kia,Orange,Missouri
745,1FMCU4K36AK791469,1998,Oldsmobile,Violet,California
746,WA1LMBFE9ED885468,1999,Mercury,Fuscia,Wisconsin
747,5J8TB2H55CA491264,2002,Toyota,Khaki,Oklahoma
748,WDDEJ7GB7BA044681,2008,Ford,Goldenrod,North Dakota
749,WBADS43451G000051,2012,Porsche,Violet,Pennsylvania
750,3TMJU4GN1EM998147,1999,Mercedes-Benz,Pink,North Carolina
751,1C4RDJEG9CC314143,2007,Subaru,Blue,California
752,YV1940ASXB1690956,1990,Suzuki,Blue,Arizona
753,WAUVT68E35A648138,2003,Volkswagen,Purple,California
754,WVGEG9BP7CD663445,1994,Honda,Goldenrod,Kentucky
755,JTMHY7AJ5F4566443,2009,Suzuki,Maroon,Louisiana
756,SCFFDCCD9CG517583,1999,Acura,Blue,Iowa
757,SCFFBCCD1BG203835,1993,Plymouth,Orange,Pennsylvania
758,2C4RRGAG8ER888544,1995,Chevrolet,Indigo,Pennsylvania
759,5N1AT2MK3EC579635,2003,Lamborghini,Green,District of Columbia
760,5FRYD4H81FB167498,1991,Mitsubishi,Violet,North Carolina
761,2C3CDXCT2FH751562,2001,Dodge,Khaki,New Jersey
762,1GYEC638X8R238716,1995,Mitsubishi,Orange,Virginia
763,3N6CM0KN7FK767949,2010,BMW,Purple,Washington
764,1G6ET12981B938058,2004,Mitsubishi,Maroon,Florida
765,1GTN1TEX1CZ389399,2002,Ford,Green,California
766,2HNYD18633H847868,1996,Chevrolet,Violet,Texas
767,5J8TB3H55DL253779,2003,Land Rover,Orange,Ohio
768,3VW4A7AT9DM327397,2000,Dodge,Blue,Texas
769,WAUHF78P66A469752,2009,Subaru,Yellow,South Carolina
770,4JGBB9FB5BA151330,1987,Lincoln,Blue,California
771,3C4PDDAG7ET026742,1973,Pontiac,Blue,Virginia
772,2T1BU4EEXDC953190,1989,Mazda,Yellow,Florida
773,3GYFNFE39ES814370,2009,Porsche,Teal,Oklahoma
774,3FA6P0D92DR304716,1994,Dodge,Turquoise,Tennessee
775,KNAFU6A24C5160064,1992,GMC,Turquoise,California
776,WAUEFBFL3EA082693,2007,Hyundai,Violet,Washington
777,WAUKFBFL2EA367839,1998,Oldsmobile,Turquoise,Florida
778,WAUDG94F66N637662,2005,Toyota,Khaki,Florida
779,SCBLE37GX6C860906,2012,Toyota,Purple,California
780,1FTEW1CW3AF709494,2001,Chevrolet,Indigo,Iowa
781,1G6DF8E55E0969161,2012,Mitsubishi,Puce,New York
782,JN1BY1PR7FM455637,1985,Pontiac,Pink,District of Columbia
783,4F2CY0C78AK808181,2000,Lexus,Puce,Alaska
784,WA1AY74L79D358917,1989,Mitsubishi,Orange,District of Columbia
785,1G6DM5E39D0419401,2013,Nissan,Yellow,Utah
786,5GAKRBED3BJ752635,2002,Mazda,Puce,Ohio
787,2HNYD2H89DH706599,1995,Subaru,Yellow,Texas
788,1D7RB1GK1AS160284,2010,Bentley,Green,West Virginia
789,WBAWL73548P647793,2012,Ford,Turquoise,Texas
790,2HNYD28218H927292,2011,Aston Martin,Violet,Georgia
791,JH4CL958X6C095342,1997,Infiniti,Orange,Florida
792,1G6AB5RA7E0217918,2002,Nissan,Mauv,New York
793,1GYFK468X8R118955,1999,GMC,Pink,Michigan
794,WA1DGAFE8DD777525,2010,Ford,Blue,Florida
795,3VWF17ATXFM216384,1996,Nissan,Red,Montana
796,YV4952CY0E1368411,2009,Acura,Turquoise,Virginia
797,1HGCR2E71DA973779,1987,Suzuki,Turquoise,California
798,YV1612FH2D1951536,1987,Mercedes-Benz,Puce,Texas
799,WBAWB73589P847225,2007,Hyundai,Turquoise,Indiana
800,19UUA8F27EA239831,2002,Suzuki,Yellow,Texas
801,WBA1J9C5XFV862485,2003,Jeep,Teal,New Hampshire
802,1G6KD5EY0AU395111,2000,Mercury,Fuscia,Texas
803,1GYFK46808R414860,1995,Mitsubishi,Mauv,New Hampshire
804,JM3TB2MA1A0244819,2003,GMC,Pink,Texas
805,1D7RV1CP1AS859990,2001,Acura,Khaki,Kentucky
806,3GYFNGEY3BS913456,1968,Pontiac,Pink,New York
807,5N1AA0NC3FN961168,2008,Dodge,Turquoise,Ohio
808,1D7RB1CT7BS834938,2007,Honda,Blue,District of Columbia
809,JN1CV6FE5EM654144,1995,Dodge,Crimson,Missouri
810,JN1CV6AP3FM302027,2012,Ferrari,Indigo,Mississippi
811,5GADT13S542009879,2008,GMC,Goldenrod,Virginia
812,3GYFK66N24G594872,1993,Chevrolet,Puce,Virginia
813,19UUA9F2XEA868179,1986,Ford,Orange,Michigan
814,5FNRL5H23BB746142,1988,Mitsubishi,Turquoise,Massachusetts
815,1C3CDFBAXDD650970,1998,Dodge,Khaki,California
816,SCFFDAAE5AG548598,1996,GMC,Blue,New York
817,5UXZV4C52D0849669,2004,Mazda,Khaki,Maryland
818,3GYFNAE37FS261268,1995,Volkswagen,Fuscia,Mississippi
819,JHMZE2H34DS579019,2011,Jeep,Aquamarine,Indiana
820,3D7TP2CT6BG225778,2011,Cadillac,Orange,Indiana
821,WBAPH7C52AE223259,2001,Chevrolet,Orange,Washington
822,1GD12ZCGXCF064894,2001,Chevrolet,Pink,Minnesota
823,WUADU98E78N462793,2003,Dodge,Red,Nebraska
824,1GD020CG8CF414076,2004,Dodge,Maroon,Texas
825,YV1952AS4D1073600,2005,Porsche,Violet,California
826,1FMJU2A5XAE586329,2008,Chrysler,Violet,North Carolina
827,WVGEG9BPXDD422562,2006,Cadillac,Fuscia,Minnesota
828,1FTEX1CM1BK387037,1990,Lotus,Teal,South Carolina
829,1HGCP2F30CA877609,1993,Mercedes-Benz,Mauv,Georgia
830,2LMHJ5AT2CB613780,1997,Cadillac,Orange,Texas
831,WBA3A9G51DN586570,2007,Chevrolet,Khaki,California
832,WAULF78K49A957374,2002,Dodge,Puce,District of Columbia
833,WAUNF78P77A290284,2010,Chevrolet,Khaki,North Dakota
834,5TDDK3DC0ES226030,1989,Buick,Khaki,Ohio
835,2G4WF521031464079,2006,Volkswagen,Mauv,Kansas
836,SCBZB25EX2C230117,2003,Ford,Pink,Ohio
837,1G6YV36A875285696,1997,Land Rover,Red,Michigan
838,2HNYD28348H121147,2008,Volvo,Orange,New York
839,4T1BF3EK9AU605336,1984,Toyota,Yellow,District of Columbia
840,1G6KD54Y35U440775,1993,Buick,Crimson,West Virginia
841,JM1NC2JF0F0798634,2012,Mercedes-Benz,Maroon,Michigan
842,JN1CV6EK0CM059349,2001,GMC,Red,Maryland
843,1ZVBP8JZ2D5725637,1989,Pontiac,Purple,Louisiana
844,1G4HR54K144071185,2000,Chevrolet,Crimson,Connecticut
845,WUADUAFG7BN686725,1984,Pontiac,Orange,Texas
846,19UUA66294A412154,2012,Nissan,Khaki,Indiana
847,3C3CFFARXCT757852,1996,Honda,Mauv,California
848,2C3CDZBG9FH813040,1999,GMC,Indigo,District of Columbia
849,5FRYD3H91GB512145,1986,Honda,Green,California
850,3C63D3FL5CG514213,2010,Mercedes-Benz,Khaki,Georgia
851,WAUDG74F49N238371,2013,Nissan,Goldenrod,Minnesota
852,WAUKF98E37A706876,2010,Mitsubishi,Pink,South Carolina
853,1G6AK5S39D0002230,1985,Pontiac,Turquoise,Texas
854,JHMZF1C64ES298025,2005,Hyundai,Pink,California
855,1G6DM577980649302,2010,Jeep,Green,Arizona
856,WAUPL68E04A749421,1989,Land Rover,Crimson,District of Columbia
857,WAUSF78EX7A300811,1999,Daewoo,Aquamarine,Texas
858,SCBLC43F66C287513,2008,Aston Martin,Khaki,Louisiana
859,WDDGF4HB1DA624180,2010,Cadillac,Goldenrod,Tennessee
860,JHMFB4F25CS810932,1992,Volkswagen,Puce,Arizona
861,1GYS3KEF3BR205300,2002,Daewoo,Green,Massachusetts
862,WBANE73566C615616,2006,Subaru,Red,Tennessee
863,3GYFNAE35CS246554,1987,Buick,Puce,Texas
864,3C3CFFAR1FT289112,1991,Ford,Green,Colorado
865,SAJWA4FB8EL231534,2011,Suzuki,Violet,New Jersey
866,3D73Y4EL3AG309562,1994,Chevrolet,Crimson,Texas
867,JTEBU4BF2CK258160,2005,Buick,Blue,Virginia
868,JM1NC2PFXE0464441,2007,Nissan,Khaki,Missouri
869,WAUFGAFC6DN206880,2008,Cadillac,Red,Virginia
870,WAUCVAFR9CA510112,2008,Saab,Teal,Virginia
871,KMHGH4JF4BU637885,2007,Ford,Mauv,California
872,WBALM53529E332458,2012,Dodge,Red,California
873,JA32U2FU4FU414434,1997,Plymouth,Orange,Florida
874,5UXZV4C59D0499330,2004,Hyundai,Maroon,Utah
875,WAUDF78EX6A313839,1988,Lincoln,Fuscia,Oklahoma
876,2HNYD18664H913332,1998,Mercedes-Benz,Pink,Nevada
877,WBANU5C54AB781008,2006,Honda,Blue,Florida
878,JA4AP3AUXCZ129117,1995,Saturn,Indigo,Virginia
879,WBA3A9C53FK010912,2012,Mazda,Fuscia,North Carolina
880,WAUFGAFC1DN258479,1992,Ford,Blue,Massachusetts
881,WA1LMBFE4FD470916,1996,Dodge,Turquoise,Minnesota
882,WA1WKBFP9BA088106,2007,Dodge,Orange,Georgia
883,WBA3K5C58FK311780,1984,Mitsubishi,Goldenrod,California
884,4JGCB2FE8AA355995,2007,Bentley,Khaki,Maryland
885,1FTEX1CM2DK575813,2006,Chevrolet,Violet,Illinois
886,WAUBF78E88A588247,1997,Jeep,Yellow,Florida
887,WAUDF68E45A575669,1997,Geo,Puce,Pennsylvania
888,WAUDFAFC1CN899074,2003,Audi,Green,Ohio
889,3N1BC1AP8AL795842,2004,Dodge,Khaki,Illinois
890,3D73M4ELXBG169345,2005,Ford,Maroon,Virginia
891,SCFEBBAK6BG628488,1992,Chevrolet,Khaki,Louisiana
892,1N6BF0KM4FN318087,2001,GMC,Khaki,Texas
893,3VW1K7AJ5FM655207,2006,Nissan,Mauv,Missouri
894,3C63D3DL5CG264913,2002,Land Rover,Goldenrod,Florida
895,WBA3B9C50EJ648102,2010,Volkswagen,Orange,Indiana
896,1FMJK1F58AE718562,1964,Ford,Green,Delaware
897,SCFEDCAD9AG045641,1999,Chrysler,Maroon,Washington
898,JH4DC54892C788332,1989,Mercury,Yellow,New York
899,1C4RDHEG4DC971183,2008,Toyota,Violet,Virginia
900,1FTEW1CM1DF118101,2003,Mazda,Turquoise,New York
901,2G4WD582561559697,1993,Dodge,Turquoise,Ohio
902,KNADH4A38A6545188,2010,Hyundai,Goldenrod,Pennsylvania
903,3VWJX7AJ2AM501354,2002,Saturn,Turquoise,Pennsylvania
904,WAUFGAFC6FN816541,2010,Volkswagen,Green,Oregon
905,WBAEH73475C052248,2001,Toyota,Pink,Missouri
906,JN8AS5MT9BW714407,1990,Mercedes-Benz,Fuscia,Arizona
907,2FMPK3K94FB439921,2001,Land Rover,Orange,Massachusetts
908,WAUHE98P99A849235,1992,Chevrolet,Maroon,Missouri
909,5N1AT2ML9FC982433,2008,Chevrolet,Blue,Florida
910,WAUKG78E56A370292,2000,Chevrolet,Yellow,Louisiana
911,3VWC17AU0FM536437,2006,Subaru,Indigo,New York
912,1FMCU0F75FU864428,1999,Mazda,Maroon,Alabama
913,1FTNF1E80AK894058,2001,Dodge,Indigo,Florida
914,WAULFAFRXEA083684,1997,Honda,Purple,Idaho
915,SCFBB04B47G200722,2001,Mercury,Crimson,Pennsylvania
916,1G6AG5RX0E0932402,2011,Buick,Aquamarine,California
917,1G6DW677470338066,2007,BMW,Indigo,California
918,WAUHFBFL3AN325404,1970,Dodge,Violet,Texas
919,WAUHE98P49A133388,1997,Mitsubishi,Blue,California
920,4USBT53474L695085,2011,Nissan,Teal,Florida
921,WBAFU7C58CD187836,1993,Oldsmobile,Goldenrod,Arizona
922,2C3CCAEGXEH424504,2004,Toyota,Fuscia,Colorado
923,WAUHF78P77A450337,1993,Jeep,Green,South Dakota
924,19VDE1F39EE230363,1993,Jeep,Khaki,Texas
925,KMHTC6AD9FU349261,2010,GMC,Pink,Maryland
926,JN1AZ4EH2DM131335,2009,Honda,Violet,Michigan
927,WBABD33416P519911,2011,Cadillac,Puce,California
928,JTEBU5JR5E5083664,1989,Ford,Goldenrod,Minnesota
929,3N1CE2CP6FL772049,1995,Ford,Yellow,Michigan
930,1FTEW1CW6AK210244,2009,Infiniti,Teal,Maryland
931,JM1NC2MF0D0470431,1993,GMC,Goldenrod,Kansas
932,3D7JV1EP8AG645337,2010,BMW,Goldenrod,Illinois
933,WAU3GAFR3EA231641,2003,Volvo,Turquoise,Washington
934,2G4GN5EK4C9034777,1999,Acura,Maroon,New York
935,WAU2GAFCXEN215677,2003,GMC,Blue,Washington
936,SCBFT7ZA0FC941514,1996,Ford,Indigo,Florida
937,JTDZN3EU6FJ171960,1985,Mitsubishi,Crimson,Delaware
938,2G4GV5EV8B9130050,2008,Acura,Puce,South Carolina
939,1G6D25EY7B0502890,2005,Nissan,Red,Kentucky
940,5FRYD4H48EB848186,2012,Honda,Crimson,North Carolina
941,2C3CDXJG2FH967580,2009,Audi,Yellow,Virginia
942,1GYUCJEFXAR963961,2004,Audi,Purple,Nevada
943,4USFE835X7L890897,2006,Suzuki,Fuscia,Florida
944,1FMJK1H58CE533430,2003,Subaru,Turquoise,Kansas
945,KL4CJDSB7DB828888,2001,Chevrolet,Goldenrod,Florida
946,WBA3B1G58FN129420,2012,Toyota,Crimson,New York
947,5FRYD4H98GB042119,1993,Chevrolet,Blue,California
948,JN1AZ4EH8BM260418,1992,Nissan,Violet,California
949,JTHBW1GG9F2588055,2007,Ferrari,Violet,Oklahoma
950,1G6DM8ED3B0704618,1985,Mercedes-Benz,Pink,California
951,4USBU53528L633430,2001,Ford,Orange,California
952,WBAUP73519V939037,1994,GMC,Purple,Washington
953,1G6DL5EG4A0454753,2005,Dodge,Aquamarine,New York
954,WBA3T7C51FP649405,2010,Lexus,Khaki,Louisiana
955,5UXFE4C53AL183953,2012,Chevrolet,Yellow,North Carolina
956,1FTSW2B55AE798900,2012,Dodge,Orange,Tennessee
957,WBANU535X9B420880,2004,Lotus,Teal,Texas
958,KMHTC6AD0CU539963,1994,Nissan,Indigo,Louisiana
959,4T1BF3EK9AU875795,1985,Subaru,Maroon,Missouri
960,KL4CJESB8DB498572,2007,Chevrolet,Maroon,Kentucky
961,WVGEF9BP2FD978466,1998,Honda,Teal,Illinois
962,5TDBK3EH0CS952825,2007,Toyota,Red,Louisiana
963,1G4HP54K62U165680,1992,Mitsubishi,Khaki,Texas
964,WAUJC58E24A013399,2012,Toyota,Maroon,South Carolina
965,1FT7W2A67EE731897,2011,MINI,Turquoise,Idaho
966,JHMZE2H38CS660894,1998,GMC,Orange,Ohio
967,WVWGD7AJXEW458250,2003,BMW,Maroon,Indiana
968,WBADN53433G393788,1994,Acura,Orange,California
969,3D73Y4HL9AG931028,1993,Ford,Turquoise,Georgia
970,2C3CDZAG7FH840593,2012,Kia,Red,Maryland
971,WA1AV74L49D853083,1989,Buick,Purple,New York
972,SCFFBCBD6BG945598,2011,Mercedes-Benz,Fuscia,Texas
973,WBAYG6C50FD961320,1998,Infiniti,Red,Missouri
974,TRUTX28N921479588,1979,Ford,Indigo,South Carolina
975,WBABV13465J913018,1999,Toyota,Khaki,Illinois
976,4T1BK1EB2EU734508,1987,Mazda,Fuscia,Illinois
977,JHMFB4F20CS155918,1992,Chevrolet,Indigo,North Dakota
978,1D4PT4GK7AW683949,2004,Audi,Blue,Michigan
979,2T1BU4EE5BC562168,2003,Ford,Yellow,Texas
980,WAUKD98P26A114701,2008,Maybach,Mauv,Tennessee
981,1D4PU7GXXBW514410,2010,Ford,Blue,Ohio
982,WBAFR1C56BC876342,1986,Ford,Blue,Arizona
983,1G6AK5S32F0438274,2009,Hyundai,Crimson,California
984,WAUBFAFLXCA171560,2000,Mitsubishi,Green,Minnesota
985,WAUGL98E25A616629,2012,Suzuki,Purple,Kansas
986,19UUA66254A932514,2007,Suzuki,Aquamarine,Michigan
987,5N1AN0NW5DN046642,2007,Hyundai,Pink,California
988,JN8AZ1MU4CW317864,2000,Mercury,Green,Missouri
989,WBAGL83505D520739,1974,Pontiac,Teal,Illinois
990,KMHFG4JG8DA906109,2003,Subaru,Crimson,Oklahoma
991,KNDPB3A23C7952271,1983,Mercedes-Benz,Orange,Alabama
992,WAUDF48H27A556037,1991,Porsche,Crimson,Washington
993,WA19FAFL9DA569680,2011,Infiniti,Goldenrod,Colorado
994,SCBFH7ZA9FC486731,2004,Buick,Mauv,Kentucky
995,1G6DK5EV0A0475990,2004,Lincoln,Mauv,New York
996,WAUBFCFL7CN752521,1999,Pontiac,Pink,New York
997,WAUEFBFL7AN091626,2000,Mercury,Fuscia,Minnesota
998,KMHGH4JH6EU422403,2005,Mercedes-Benz,Khaki,Connecticut
999,WBAHN03566D466137,2004,Nissan,Violet,Wisconsin
1000,JTMHY7AJXB4248263,2009,Dodge,Green,District of Columbia